Channel,Video Title,Video Description,Video ID,Comment,Comment ID,Replies,Likes,clean_comments,language
Chai & Coaching,Telecommunications &amp; Network Engineering Degree | MS Telecom At SMU,Jay Shah shares about his journey studying his masters degree of Telecommunications and Network Engineering at Southern Methodist University. Learn about ...,lkBJdYWh9LU,"☕️Chai Question: What degree do you want to pursue in America?☕️

Multiple Visa Interview Rejections: https://youtu.be/eyDHxDRoI-I",UgxD4O4SyXyAeypy7bl4AaABAg,0,1,"️Chai Question: What degree do you want to pursue in America?️

Multiple Visa Interview Rejections: https://youtu.be/eyDHxDRoI-I",en
Chai & Coaching,Telecommunications &amp; Network Engineering Degree | MS Telecom At SMU,Jay Shah shares about his journey studying his masters degree of Telecommunications and Network Engineering at Southern Methodist University. Learn about ...,lkBJdYWh9LU,Masters in Biomedical Engineering..,Ugzwmy9YzWRCFGMEI0h4AaABAg,1,1,Masters in Biomedical Engineering..,en
Chai & Coaching,Telecommunications &amp; Network Engineering Degree | MS Telecom At SMU,Jay Shah shares about his journey studying his masters degree of Telecommunications and Network Engineering at Southern Methodist University. Learn about ...,lkBJdYWh9LU,"Thank you so soooooooooo much , I'll be pursuing masters in the same field ,......also the same with NEU Boston, 

I was waiting for this video from a very long time,
Thanks rob, thanks Jay",UgyEwpGS3mvj3SswC2J4AaABAg,0,0,"Thank you so soooooooooo much , I'll be pursuing masters in the same field ,......also the same with NEU Boston, 

I was waiting for this video from a very long time,
Thanks rob, thanks Jay",en
Chai & Coaching,Telecommunications &amp; Network Engineering Degree | MS Telecom At SMU,Jay Shah shares about his journey studying his masters degree of Telecommunications and Network Engineering at Southern Methodist University. Learn about ...,lkBJdYWh9LU,Masters in Data Science,UgyCJr4OjRPVQ63MRed4AaABAg,1,1,Masters in Data Science,en
